{
	"format_version": "1.8.0",
	"animations": {
		"blaster.right_arm.idle": {
			"loop": "hold_on_last_frame",
			"animation_length": 0.0417,
			"bones": {
				"right_arm": {
					"rotation": {
						"0.0": {
							"vector": [-90, 0, 0]
						},
						"0.0417": {
							"vector": [-90, 0, 0]
						}
					}
				}
			}
		},
		"blaster.right_arm.draw": {
			"animation_length": 0.4583,
			"bones": {
				"right_arm": {
					"rotation": {
						"0.0": {
							"vector": [0, 0, 0]
						},
						"0.0417": [-0.66822, 0, 0],
						"0.0833": [-3.18829, 0, 0],
						"0.125": [-8.92187, 0, 0],
						"0.1667": [-22.00181, 0, 0],
						"0.2083": [-60.07688, 0, 0],
						"0.25": [-84.16459, 0, 0],
						"0.2917": [-90.90701, 0, 0],
						"0.3333": [-92.668, 0, 0],
						"0.375": [-92.04412, 0, 0],
						"0.4167": {
							"vector": [-90, 0, 0]
						}
					}
				},
				"right_item": {
					"rotation": {
						"0.0": {
							"vector": [360, 0, 0]
						},
						"0.0417": [357.10577, 0, 0],
						"0.0833": [346.61172, 0, 0],
						"0.125": [323.60205, 0, 0],
						"0.1667": [274.87648, 0, 0],
						"0.2083": [139.82898, 0, 0],
						"0.25": [0.40366, 0, 0],
						"0.2917": [-27.28302, 0, 0],
						"0.3333": [-28.02942, 0, 0],
						"0.375": [-17.25466, 0, 0],
						"0.4167": {
							"vector": [0, 0, 0]
						}
					}
				}
			}
		},
		"blaster.left_arm.draw": {
			"animation_length": 0.4583,
			"bones": {
				"left_arm": {
					"rotation": {
						"0.0": {
							"vector": [0, 0, 0]
						},
						"0.0417": [-0.66822, 0, 0],
						"0.0833": [-3.18829, 0, 0],
						"0.125": [-8.92187, 0, 0],
						"0.1667": [-22.00181, 0, 0],
						"0.2083": [-60.07688, 0, 0],
						"0.25": [-84.16459, 0, 0],
						"0.2917": [-90.90701, 0, 0],
						"0.3333": [-92.668, 0, 0],
						"0.375": [-92.04412, 0, 0],
						"0.4167": {
							"vector": [-90, 0, 0]
						}
					}
				},
				"left_item": {
					"rotation": {
						"0.0": {
							"vector": [360, 0, 0]
						},
						"0.0417": [357.10577, 0, 0],
						"0.0833": [346.61172, 0, 0],
						"0.125": [323.60205, 0, 0],
						"0.1667": [274.87648, 0, 0],
						"0.2083": [139.82898, 0, 0],
						"0.25": [0.40366, 0, 0],
						"0.2917": [-27.28302, 0, 0],
						"0.3333": [-28.02942, 0, 0],
						"0.375": [-17.25466, 0, 0],
						"0.4167": {
							"vector": [0, 0, 0]
						}
					}
				}
			}
		},
		"blaster.left_arm.idle": {
			"loop": "hold_on_last_frame",
			"animation_length": 0.0417,
			"bones": {
				"left_arm": {
					"rotation": {
						"0.0": {
							"vector": [-90, 0, 0]
						},
						"0.0417": {
							"vector": [-90, 0, 0]
						}
					}
				}
			}
		}
	},
	"geckolib_format_version": 2
}