{
	"format_version": "1.8.0",
	"animations": {
		"blaster.idle": {
			"loop": "hold_on_last_frame",
			"animation_length": 0.0417,
			"bones": {
				"right_arm": {
					"rotation": {
						"0.0": {
							"vector": [-90, 0, 0]
						},
						"0.0417": {
							"vector": [-90, 0, 0]
						}
					}
				}
			}
		},
		"blaster.draw": {
			"animation_length": 0.5,
			"bones": {
				"right_arm": {
					"rotation": {
						"0.0": {
							"vector": [0, 0, 0]
						},
						"0.0417": [-0.66822, 0, 0],
						"0.0833": [-3.18829, 0, 0],
						"0.125": [-8.92186, 0, 0],
						"0.1667": [-22.00171, 0, 0],
						"0.2083": [-60.07572, 0, 0],
						"0.25": [-84.16406, 0, 0],
						"0.2917": [-90.9068, 0, 0],
						"0.3333": [-92.66798, 0, 0],
						"0.375": [-92.04423, 0, 0],
						"0.4167": {
							"vector": [-90, 0, 0]
						}
					}
				},
				"right_item": {
					"rotation": {
						"0.0": {
							"vector": [720, 0, 0]
						},
						"0.0417": [642.34541, 0, 0],
						"0.0833": [546.98939, 0, 0],
						"0.125": [425.74123, 0, 0],
						"0.1667": [276.68052, 0, 0],
						"0.2083": [142.79798, 0, 0],
						"0.25": [63.82673, 0, 0],
						"0.2917": [22.95056, 0, 0],
						"0.3333": [2.86444, 0, 0],
						"0.375": [-5.06962, 0, 0],
						"0.4167": [-5.20801, 0, 0],
						"0.4583": {
							"vector": [0, 0, 0]
						}
					}
				}
			},
			"sound_effects": {
				"0.0417": {
					"effect": "character_engine:item.blaster.cock"
				}
			}
		},
		"blaster.fire": {
			"animation_length": 1,
			"bones": {
				"right_arm": {
					"rotation": {
						"0.0": {
							"vector": [-90, 0, 0]
						},
						"0.0417": {
							"vector": [-95, 0, 0]
						},
						"0.0833": {
							"vector": [-100.67762, -0.46349, -2.45669]
						},
						"0.125": [-102.14274, -0.24655, -1.30683],
						"0.1667": {
							"vector": [-97.5, 0, 0]
						},
						"0.2083": {
							"vector": [-94.96069, 0.21632, 2.49063]
						},
						"0.25": [-90.20747, 0.11507, 1.32488],
						"0.2917": {
							"vector": [-90, 0, 0]
						}
					},
					"position": {
						"0.0": {
							"vector": [0, 0, 0]
						},
						"0.0417": {
							"vector": [0, 0, 1]
						},
						"0.0833": [0, 0, 1.06894],
						"0.125": [0, 0, 0.76538],
						"0.1667": [0, 0, 0.47786],
						"0.2083": [0, 0, 0.25175],
						"0.25": [0, 0, 0.09326],
						"0.2917": {
							"vector": [0, 0, 0]
						}
					}
				},
				"right_item": {
					"rotation": {
						"0.0": {
							"vector": [0, 0, 0]
						},
						"0.0417": {
							"vector": [-7.50706, 2.4786, -0.32652]
						},
						"0.0833": [-14.85928, -1.99709, 0.6421],
						"0.125": {
							"vector": [-12.77725, -7.06073, 1.62057]
						},
						"0.1667": {
							"vector": [-10.00933, 2.462, -0.43439]
						},
						"0.2083": [-2.83064, 2.20829, -0.38962],
						"0.25": [-0.73117, 0.25371, -0.04476],
						"0.2917": {
							"vector": [0, 0, 0]
						}
					}
				}
			},
			"sound_effects": {
				"0.0417": {
					"effect": "character_engine:item.blaster.shoot;volume=0.5"
				}
			},
			"particle_effects": {
				"0.0417": {
					"effect": "character_engine:muzzle_flash_pink,character_engine:muzzle_flash_blue,character_engine:muzzle_flash_yellow,character_engine:muzzle_flash_green",
					"locator": "right_arm",
					"pre_effect_script": "{\n    \"position\": [-0.3125, 0, 0.7]\n};"
				}
			}
		}
	},
	"geckolib_format_version": 2
}