{
	"format_version": "1.8.0",
	"animations": {
		"blaster.right_arm.idle": {
			"loop": "hold_on_last_frame",
			"animation_length": 0.0417,
			"bones": {
				"right_arm": {
					"rotation": {
						"0.0": {
							"vector": [-90, 0, 0]
						},
						"0.0417": {
							"vector": [-90, 0, 0]
						}
					}
				}
			}
		},
		"blaster.right_arm.draw": {
			"animation_length": 0.4583,
			"bones": {
				"right_arm": {
					"rotation": {
						"0.0": {
							"vector": [0, 0, 0]
						},
						"0.0417": [-0.66822, 0, 0],
						"0.0833": [-3.18829, 0, 0],
						"0.125": [-8.92187, 0, 0],
						"0.1667": [-22.00181, 0, 0],
						"0.2083": [-60.07688, 0, 0],
						"0.25": [-84.16459, 0, 0],
						"0.2917": [-90.90701, 0, 0],
						"0.3333": [-92.668, 0, 0],
						"0.375": [-92.04412, 0, 0],
						"0.4167": {
							"vector": [-90, 0, 0]
						}
					}
				},
				"right_item": {
					"rotation": {
						"0.0": {
							"vector": [360, 0, 0]
						},
						"0.0417": [357.61358, 0, 0],
						"0.0833": [348.51527, 0, 0],
						"0.125": [326.46634, 0, 0],
						"0.1667": [263.72197, 0, 0],
						"0.2083": [77.87489, 0, 0],
						"0.25": [27.13968, 0, 0],
						"0.2917": [6.77924, 0, 0],
						"0.3333": [-2.24894, 0, 0],
						"0.375": [-5.09203, 0, 0],
						"0.4167": [-3.94722, 0, 0],
						"0.4583": {
							"vector": [0, 0, 0]
						}
					}
				}
			},
			"sound_effects": {
				"0.0417": {
					"effect": "character_engine:item.blaster.cock"
				}
			}
		},
		"blaster.left_arm.draw": {
			"animation_length": 0.4583,
			"bones": {
				"left_arm": {
					"rotation": {
						"0.0": {
							"vector": [0, 0, 0]
						},
						"0.0417": [-0.66822, 0, 0],
						"0.0833": [-3.18829, 0, 0],
						"0.125": [-8.92187, 0, 0],
						"0.1667": [-22.00181, 0, 0],
						"0.2083": [-60.07688, 0, 0],
						"0.25": [-84.16459, 0, 0],
						"0.2917": [-90.90701, 0, 0],
						"0.3333": [-92.668, 0, 0],
						"0.375": [-92.04412, 0, 0],
						"0.4167": {
							"vector": [-90, 0, 0]
						}
					}
				},
				"left_item": {
					"rotation": {
						"0.0": {
							"vector": [360, 0, 0]
						},
						"0.0417": [357.61358, 0, 0],
						"0.0833": [348.51527, 0, 0],
						"0.125": [326.46634, 0, 0],
						"0.1667": [263.72197, 0, 0],
						"0.2083": [77.87489, 0, 0],
						"0.25": [27.13968, 0, 0],
						"0.2917": [6.77924, 0, 0],
						"0.3333": [-2.24894, 0, 0],
						"0.375": [-5.09203, 0, 0],
						"0.4167": [-3.94722, 0, 0],
						"0.4583": {
							"vector": [0, 0, 0]
						}
					}
				}
			},
			"sound_effects": {
				"0.0417": {
					"effect": "character_engine:item.blaster.cock"
				}
			}
		},
		"blaster.left_arm.idle": {
			"loop": "hold_on_last_frame",
			"animation_length": 0.0417,
			"bones": {
				"left_arm": {
					"rotation": {
						"0.0": {
							"vector": [-90, 0, 0]
						},
						"0.0417": {
							"vector": [-90, 0, 0]
						}
					}
				}
			}
		}
	},
	"geckolib_format_version": 2
}